,ID,Word2Vec Similarity,Speech2Vec Similarity
0,CAF-657,"[2, 0.7511121321644622, 0.6904674498050439, 0.7866447762617235, 0.6092676788655821, 0.6540301638520143, 0.23800927910386172, 0.45795348981495865, 0.49700588956117353, 0.6063742677091869, 0.5262398237714749, 0.7093772702257071, 0.5310170102931812, 0.5395520566054112, 0.4747476233927709, 0.4683842904930955, 0.7194081143243246, 0.5003864960477191, 0.7527778608667555, 0.768353054741348, 0.773932433683691, 0.8141003371401728, 0.7166918074022757, 0.803002946563213]","[2, 0.5371468257898924, 0.6053999681020054, 0.6483614305671894, 0.477300956711086, 0.4576129237761807, 0.254325272850008, 0.5399881670879917, 0.5678356471562336, 0.5700534876591163, 0.6589088981371939, 0.5196178314037644, 0.7789630041906284, 0.6869940691724518, 0.45179428665637555, 0.575975015896018, 0.4512890274104801, 0.6757035402907093, 0.5278482715926957, 0.6303173493038485, 0.6719005679353359, 0.6946932252919604, 0.7777909873700949, 0.6161570362477106, 0.7089916217190786]"
1,CAJ-663,"[2, 0.6294860114474125, 0.6779566278531608, 0.47912871121387823, 0.8745785976068605, 0.6092676788655821, 0.42304143629827595, 0.5000639474678137, 0.5095229242769956, 0.49952038634024076, 0.517720672073823, 0.7547038907915292, 0.5789778565343725, 0.44121786581827493, 0.599726997303928, 0.837817729427836]","[2, 0.513685179771955, 0.680687320970493, 0.537519691400082, 0.34363276115846836, 0.8628857048123819, 0.477300956711086, 0.4769858133981993, 0.47327027954708234, 0.38457190811574227, 0.5121324851884608, 0.5516781962476114, 0.7076147205496789, 0.49734337644372717, 0.46343888592140325, 0.5537758062544371, 0.7681389064993795]"
2,CAM-666,"[2, 0.8745785976068605, 0.7630511039308726, 0.5303773257847434, 0.34367772075246766, 0.571946812045852, 0.4537381822321555, 0.4840519237978439, 0.7894407873342654, 0.6659951137397668, 0.7128431779025397, 0.6644883959874125, 0.767068009280539, 0.6994166177882619, 0.7345157144882549, 0.6999086385675458, 0.6525690141132497, 0.6198921468488021, 0.47529514627866626, 0.4747476233927709, 0.5317620721796018]","[2, 0.8628857048123819, 0.7073107725832593, 0.5380018543142598, 0.3675785642428974, 0.581332145687298, 0.44529208100003626, 0.47351973359116356, 0.7641377187098998, 0.5835027087954354, 0.6156015389764412, 0.5123397974644502, 0.6970840463037917, 0.6417775971582633, 0.7029401369658774, 0.6589088981371939, 0.733250698980499, 0.5232816449165091, 0.492317874273314, 0.3343691872553594, 0.575975015896018, 0.37122553970292416]"
3,CAN-667,"[2, 0.6809057161982097, 0.837817729427836, 0.7602705018652873, 0.6877193427705984, 0.6540545218105822, 0.5860321973914239, 0.7162362791352109, 0.5062288678794229, 0.4024393998133074, 0.6947537403681799, 0.6239139354578734, 0.5777195235771272, 0.4719559902113142, 0.3714900465044787, 0.5641084534286992]","[2, 0.6376705357921859, 0.7681389064993795, 0.6963213212121123, 0.5839605191241984, 0.5641505804027288, 0.5737210558748865, 0.6678917598249352, 0.48772132165163856, 0.3478527198278385, 0.5471302703033899, 0.5982440523188578, 0.6026494687952981, 0.4374474265892112, 0.3215951328308907, 0.5722194589526469]"
4,CAP-671,"[2, 0.7334882084465412, 0.7187853020266588, 0.3721166280938021, 0.7093772702257071, 0.5561222575511516, 0.6126758427052204, 0.4522868760089102, 0.5913816539767758, 0.4317383475518175, 0.69859507910017, 0.7227680387508737, 0.2731396050683261, 0.3405122160576277, 0.46600302122502246, 0.7064282852624828]","[2, 0.7044682582263694, 0.46056063060600566, 0.32240343961087325, 0.7789630041906284, 0.6072292752796078, 0.6577824345826483, 0.5986554247248035, 0.5859027707692488, 0.45158003917380224, 0.6174006090793364, 0.7144051594165326, 0.2409618138322735, 0.39075678851109413, 0.3529707135435563, 0.5380742621424421]"
5,CAQ-672,"[2, 0.6023296516542436, 0.6882396401908037, 0.3018917635962179, 0.41216494102879014, 0.837817729427836, 0.4019849741535031, 0.4747476233927709, 0.7398977733098252, 0.8745785976068605, 0.5691314542700241, 0.6555257069153385, 0.5483837110446632, 0.5424227449726352, 0.6869441198052898, 0.376842747177516, 0.5137881417255109, 0.5465588310106538, 0.5219201059495444, 0.7364721057319179, 0.701068257471485]","[2, 0.5469740186557749, 0.6119836664337878, 0.29227676350437254, 0.3098987969102535, 0.7681389064993795, 0.507422279598863, 0.575975015896018, 0.6876917554091693, 0.8628857048123819, 0.5462200826218396, 0.6402599256023763, 0.6446006734745279, 0.6139757100054463, 0.6353870918493766, 0.5110028856697719, 0.5898720414431405, 0.5570379712037353, 0.4325735778017402, 0.5838297445501159, 0.6053089570633949]"
6,CAR-673,"[2, 0.6005211133387937, 0.837817729427836, 0.8069136550298163, 0.8745785976068605, 0.7996426462737829, 0.768353054741348, 0.4642099735852885, 0.6867056060139428, 0.5690045661034961, 0.636342402341191, 0.4352204225660854, 0.38601421364725563, 0.5380103700474388, 0.7910565435481541, 0.7596419345125228]","[2, 0.5510461635914913, 0.7681389064993795, 0.7428759761548924, 0.8628857048123819, 0.7187751907214066, 0.6719005679353359, 0.3508289227805149, 0.4960192353744207, 0.5081587860342919, 0.5984590084794542, 0.5738510977081325, 0.537519691400082, 0.3451328928241814, 0.5537824892901426, 0.7510288782306634, 0.760041147507896]"
7,CAS-674,"[2, 0.8745785976068605, 0.5540716263088391, 0.7093772702257071, 0.5310170102931812, 0.5291035176544691, 0.7145779149871909, 0.2551573303638713, 0.4958711032494341, 0.837817729427836, 0.7028733196986348, 0.6723626545093575, 0.7121667253014343, 0.6509910535696963, 0.715493711605571, 0.6885341129208671, 0.5895704859229635, 0.40475823064837796]","[2, 0.8628857048123819, 0.5216253513515098, 0.7789630041906284, 0.6869940691724518, 0.554435801768797, 0.7075974763331351, 0.7101948048840256, 0.21031940254946532, 0.46965686552140634, 0.7681389064993795, 0.5998169732396197, 0.6544465470015609, 0.6602788468981103, 0.5541445988755136, 0.7268456623288725, 0.7408621547818116, 0.5049669673149202, 0.4371812654883727]"
8,CAU-667,"[2, 0.5187092642076765, 0.4998827100630846, 0.3002717268513482, 0.5106473386485636, 0.3935848547854148, 0.4108887088397776, 0.618429907969438, 0.5570043443690705, 0.3983954099134252, 1, 0.4958711032494341, 0.7334882084465412, 0.5462353500999019, 0.5221817173911529, 0.5416724486261016, 0.5701722100816438, 0.7190114025783183, 0.6230236791481036, 0.7227680387508737, 0.5860321973914239, 0.6792485709942787, 0.6287027046801817, 0.7170601179541425]","[2, 0.4324005408572464, 0.5678815124945601, 0.5715236693926676, 0.3642265307462176, 0.3963201821366081, 0.3727725843197175, 0.5268219679745232, 0.40318587959754554, 0.27706270420048973, 1, 0.46965686552140634, 0.7044682582263694, 0.4612549863380221, 0.4531349174358532, 0.4455750149235826, 0.5005677343406024, 0.6403085216700126, 0.5346275864257453, 0.49923534765763106, 0.7144051594165326, 0.5737210558748865, 0.6837843277685048, 0.5024871979103145, 0.6955588049291286]"
9,CAV-678,"[2, 0.8745785976068605, 0.7113119291740693, 0.684197059986576, 0.5462353500999019, 0.6028610463033092, 0.837817729427836, 0.41216494102879014, 0.4206733771803848, 0.45531920991967206, 0.4998827100630846, 0.3241151310566367, 0.702920170799248, 0.635502469246306, 0.5435358178005071, 0.6356534508567282, 0.6885341129208671, 0.33813912666771667, 0.46999164100257174, 0.5641084534286992, 0.3225162889085757]","[2, 0.8628857048123819, 0.6751700864891439, 0.5484746094368288, 0.4612549863380221, 0.642664129878161, 0.7681389064993795, 0.3098987969102535, 0.5059716985480744, 0.5010219268487948, 0.5695448856770815, 0.5678815124945601, 0.44161393834564194, 0.6487208618979906, 0.5279839090666951, 0.5512433572780139, 0.6015084116028135, 0.7408621547818116, 0.5903464991128956, 0.537519691400082, 0.4769103657155558, 0.5722194589526469, 0.30481649046393805]"
10,CAY-681,"[2, 0.3751062275463541, 0.6691336028976155, 0.7312998150701534, 0.8745785976068605, 0.4993122287039784, 0.3468377596228108, 0.46391170945820304, 0.5615997771063228, 0.5832538620464781, 0.6106576802177033, 1, 0.6928588633094876, 0.6659030571317933, 1, 0.585177345473308, 0.4067106888202179, 0.14006405190465282, 0.38347033324038327]","[2, 0.42049125577623025, 0.6301417547393656, 0.6962219676262801, 0.8628857048123819, 0.5735850694637543, 0.5548602933962088, 0.5580438536318, 0.5359067864120638, 0.5752472392403889, 0.6520477501437959, 1, 0.5777680013292861, 0.5652194146499414, 1, 0.5210273924610191, 0.4466671233973912, 0.06529746074416043, 0.43469386021869]"
11,CBD-686,"[2, 0.837817729427836, 0.7235815449499676, 0.6194652657586912, 0.6166469810256057, 0.3803838396806424, 0.17741993795591957, 0.487242598472939, 0.5550634346965171, 0.7091533035480979, 0.6885341129208671, 0.6885341129208671, 0.2697328300742415, 0.37292167145934496, 0.7433118891653092, 0.773668018005576, 0.5411457679800212, 0.7991314288295077]","[2, 0.7681389064993795, 0.7005668500595652, 0.5742867500191368, 0.5711010849897928, 0.5084019850168775, 0.46317621926490904, 0.3059470878063499, 0.535813480878131, 0.5282892353698171, 0.6942920222554345, 0.7408621547818116, 0.7408621547818116, 0.25082305920374326, 0.3898365461257026, 0.6439075247344901, 0.7265640563586405, 0.5828772091711841, 0.7811424229383546]"
12,CBF-691,"[2, 0.8745785976068605, 0.5811393626954855, 0.5002570963765798, 0.6005211133387937, 0.837817729427836, 0.25321088189149266, 0.3065968889070771, 0.3566098097514718, 0.40636289392880426, 0.803002946563213, 0.6601180266653127, 0.7489105643269143, 0.6249386700198257, 0.460364108583747]","[2, 0.8628857048123819, 0.6330656576107481, 0.43812555716050194, 0.5510461635914913, 0.7681389064993795, 0.27993741349212004, 0.3174420629201796, 0.3869972372028561, 0.43306352561219463, 0.7089916217190786, 0.6471580668109819, 0.5863090338956081, 0.6177898909447962, 0.5766423910779581]"
13,CBH-693,"[2, 0.8745785976068605, 0.5811393626954855, 0.8457700314341969, 0.6920276442990134, 0.5321625279269786, 0.5188062721446711, 0.5050713847992003, 0.6682775356790592, 0.5380441078120208, 0.4998827100630846, 0.17741993795591957, 1, 0.3770940207560309, 0.6618425787914409, 0.6966627736513162, 0.6947537403681799, 0.53080813450675, 0.599726997303928, 0.837817729427836, 0.7455236194255921]","[2, 0.8628857048123819, 0.6330656576107481, 0.6053824827930462, 0.5909479070188609, 0.6446731210662034, 0.5540426115602498, 0.4594666323322247, 0.5968888112033293, 0.468271392463275, 0.5678815124945601, 0.3059470878063499, 1, 0.35872342877368857, 0.5148087260620806, 0.5150362504160364, 0.5471302703033899, 0.4292690781973467, 0.5537758062544371, 0.7681389064993795, 0.6448950117996425]"
14,CBJ-697,"[2, 0.837817729427836, 0.7235815449499676, 0.7333106287217797, 0.5209356155827138, 0.5258985334381975, 0.8745785976068605, 0.5540716263088391, 0.5156103816815445, 0.634832164201004, 0.5103142267892703, 0.5180776788303016]","[2, 0.7681389064993795, 0.7005668500595652, 0.7102100083889006, 0.5157355184864549, 0.543845522169537, 0.8628857048123819, 0.5216253513515098, 0.4685933653993544, 0.6578487273894736, 0.680687320970493, 0.6528484538134439, 0.5611827741490754, 0.5507200290378927, 0.6557205185454271]"
15,CBL-698,"[2, 0.6380615787479758, 0.8745785976068605, 0.677669803388224, 0.4405408426860884, 0.5041980664521376, 0.5088382764157158, 0.5462353500999019, 0.6005211133387937, 0.5790198827023368, 0.4773816594219092]","[2, 0.6683313115407471, 0.8628857048123819, 0.565315271370276, 0.5516746973908686, 0.6390899479414833, 0.6305228294140734, 0.6305228294140734, 0.5010219268487948, 0.4612549863380221, 0.5510461635914913, 0.6451083573910311, 0.7780705821337534, 0.539643535894281]"
16,CBM-702,"[2, 0.47563015287157995, 0.6260352174281147, 0.4232188804960283, 0.46679883925584703, 0.7710630018059943, 0.6797219866842078, 0.6905141210296877, 0.6964146234941936, 0.581229369666888, 0.8745785976068605, 0.6751184857403894, 0.6878644348324915, 0.5469820753415338, 0.38419566031204927, 0.3241151310566367, 0.487242598472939, 0.5247726410950273, 0.5470265520745434]","[2, 0.4709438318418924, 0.5888290923979772, 0.3327959547955801, 0.3692239255681358, 0.6898103734067802, 0.7094691631465754, 0.678483356869511, 0.6861600247827203, 0.4412401867192398, 0.8628857048123819, 0.7047975795134117, 0.7156565908514333, 0.4790104240590626, 0.3370644637454032, 0.44161393834564194, 0.535813480878131, 0.4934016962502326, 0.5811199259551896]"
17,CBP-707,"[2, 0.6984894678873143, 0.7101723921527486, 0.8745785976068605, 0.5811393626954855, 0.5424227449726352, 0.43533067739150116, 0.6779566278531608, 0.6005211133387937, 0.374652864368471, 0.48528669996742124, 0.7093772702257071, 0.5310170102931812, 0.5913816539767758, 0.549278349446882, 0.585177345473308, 0.8069865631440539, 0.7554962543955506, 0.768353054741348, 0.718124777191823, 0.5413349699765222, 0.556489962481508, 0.6194652657586912, 0.4747476233927709]","[2, 0.7754488486757536, 0.7181036874972738, 0.8628857048123819, 0.6330656576107481, 0.6139757100054463, 0.27055173240558367, 0.6401816720798695, 0.5510461635914913, 0.41796138283467243, 0.4717476838663449, 0.7789630041906284, 0.6869940691724518, 0.5859027707692488, 0.513674669183237, 0.553078123047452, 0.5736044441633207, 0.6989081019589143, 0.7080832031197662, 0.6719005679353359, 0.631375244937005, 0.4712044969180781, 0.34050479232486536, 0.5927320795329063, 0.575975015896018]"
18,CBS-711,"[2, 0.41216494102879014, 0.6971485275693752, 0.6869441198052898, 0.6617692801171635, 0.47563015287157995, 0.5106473386485636, 0.28715466046092464, 0.3893451067890807, 0.5221817173911529, 0.6462951482859882, 0.5242486648400689, 0.8745785976068605, 0.6905588773949025, 0.569734326982204, 0.6885341129208671]","[2, 0.3098987969102535, 0.6264945944989359, 0.6353870918493766, 0.6341793753700679, 0.4709438318418924, 0.3642265307462176, 0.3333731735543315, 0.40659307560218466, 0.6269843705477832, 0.6412637787469372, 0.5477312450136153, 0.559334173644888, 0.6422213177797585, 0.8628857048123819, 0.7201203318358919, 0.6933156817395749, 0.7408621547818116]"
19,CBW-715,"[2, 0.5278373713685537, 0.760425586489212, 0.7101723921527486, 0.72840941918038, 0.706851405821852, 0.45102488967446025, 0.7547038907915292, 0.7076126262904682, 0.5436962336104044, 0.7104222666293618, 0.5006563102311136, 0.4747476233927709, 0.3468377596228108, 0.6042981959830579, 0.6333917108190156]","[2, 0.5739413787904624, 0.7884685540347295, 0.7181036874972738, 0.6431855100545264, 0.6260142052301867, 0.4346341526848958, 0.7076147205496789, 0.6846808252476303, 0.5653334368629681, 0.6790797775441532, 0.7064506661409863, 0.5731377718381162, 0.575975015896018, 0.5548602933962088, 0.6304285677369255, 0.606696573489526]"
20,CCB-720,"[2, 0.7709793057872116, 0.8069865631440539, 0.5082229743309484, 0.7093772702257071, 0.36534245500808965, 0.2946780698563267, 0.4480584702292384, 0.8745785976068605, 0.4387699392533217, 0.2642127699705884]","[2, 0.6451083573910311, 0.5189748233865733, 0.6989081019589143, 0.6128432368863784, 0.7789630041906284, 0.47728041503313584, 0.3006066501263992, 0.4122571401903595, 0.8628857048123819, 0.3179932288912174, 0.238304864348667]"
21,CCC-721,"[2, 0.8745785976068605, 0.6809057161982097, 0.837817729427836, 0.5815921786785418, 0.626368896641665, 0.4878886930469656, 0.7760811156452418, 0.6080682029846431, 0.6422178672902492, 0.7547038907915292, 0.7059849162692239]","[2, 0.8628857048123819, 0.6376705357921859, 0.7681389064993795, 0.6451083573910311, 0.537896943735727, 0.6269426237220944, 0.3820273082140924, 0.6657613478657068, 0.5336915977363282, 0.5303088030567209, 0.7076147205496789, 0.6404123091690282]"
22,CCD-722,"[2, 0.8745785976068605, 0.47912871121387823, 0.41777216107872306, 0.5994569487017586, 0.44363094869019726, 0.48049353605371864, 0.6304710971462222, 0.7678416513933549, 0.7028733196986348, 0.837817729427836, 0.4958711032494341, 0.17741993795591957, 0.3002717268513482, 0.5000639474678137, 0.39504891440766926, 0.8069865631440539, 0.5082229743309484, 0.21064826553284371, 0.20861813092210893, 0.6193484743693938, 0.6207589488158841]","[2, 0.8628857048123819, 0.34363276115846836, 0.3462540087658026, 0.5286286245276803, 0.3523312504406257, 0.36028965859796114, 0.47171607731796117, 0.5739333769548017, 0.5998169732396197, 0.7681389064993795, 0.46965686552140634, 0.3059470878063499, 0.5715236693926676, 0.47327027954708234, 0.36163483985607986, 0.6989081019589143, 0.6128432368863784, 0.2672565130790479, 0.49660493247461324, 0.708786233198699, 0.5106638939679675, 0.7114370128911716]"
23,CCF-724,"[2, 0.6194652657586912, 0.15326363921471708, 0.3928527258370871, 0.5881286205299834, 0.7093772702257071, 0.7921043140363004, 0.504815971682073, 0.5727838730362406, 0.7629483009836475, 0.8745785976068605, 0.6775875774412811, 0.5860321973914239, 0.6984894678873143, 0.69859507910017, 0.3695425077132193]","[2, 0.5927320795329063, 0.21092900961070243, 0.1913486081021374, 0.5822788335148774, 0.7789630041906284, 0.7643223081820135, 0.4534569784503354, 0.5035361304376221, 0.6558202980904815, 0.8628857048123819, 0.6085885925335648, 0.5737210558748865, 0.7754488486757536, 0.6174006090793364, 0.37569085575803307]"
24,CCH-726,"[2, 0.6551354217931412, 0.7153309574274721, 0.6775875774412811, 0.8745785976068605, 0.5811393626954855, 0.6494603485439836, 0.5435571202500854, 0.7356774886649605, 0.6224016077830551, 0.7139146556483289, 0.8128753288695143, 0.60975257876816, 0.8013127623620886]","[2, 0.5712407956398953, 0.6391597414384069, 0.6085885925335648, 0.8628857048123819, 0.6330656576107481, 0.583056443442066, 0.4498270564769611, 0.6452327938295611, 0.6040432487297077, 0.47220417912839086, 0.5682154884764201, 0.7540656553303108, 0.5009889925160083, 0.7173142416296474, 0.7785858498902176]"
25,CCL-730,"[2, 0.8745785976068605, 0.4331220880389551, 0.6015543011344899, 1, 0.49502284960466736, 0.837817729427836, 0.6005211133387937, 0.4881021958404901, 0.4206733771803848, 0.3505522731224737, 0.4601379096348508, 0.4726066971497245, 0.6505040561824501, 0.5913017837428665, 0.7530875479066652, 0.7824022400078555, 0.7177050556096913, 0.768353054741348, 0.7554962543955506, 0.6225942904706013]","[2, 0.8628857048123819, 0.3795997927717794, 0.4906760268564819, 1, 0.5060378814191703, 0.6404175438143797, 0.6451083573910311, 0.5510461635914913, 0.3851582764540301, 0.5059716985480744, 0.6042164199940414, 0.5621760617893715, 0.5953484657734173, 0.5238425939844856, 0.5845504260422878, 0.540578210120462, 0.602605631224288, 0.7452217842438656, 0.651168652375522, 0.6719005679353359, 0.7080832031197662, 0.6537319350076601]"
26,CCX-744,"[2, 0.837817729427836, 0.41216494102879014, 0.4881021958404901, 0.6551052162793694, 0.5913816539767758, 0.5984475024991834, 0.6878644348324915, 0.7617426670910289, 0.7156578355805654, 0.5304493145007897, 0.6497323541370298, 0.7864354528697147, 0.7862600604436627, 0.6494603485439836]","[2, 0.7681389064993795, 0.3098987969102535, 0.3851582764540301, 0.6601686677990547, 0.5859027707692488, 0.6266148958728786, 0.7156565908514333, 0.6500829815904394, 0.7190880298148952, 0.37415499306895716, 0.493380230471753, 0.7110265022778469, 0.6779973551795734, 0.583056443442066]"
27,CDG-753,"[2, 0.837817729427836, 0.5039636968009314, 0.5595724924177174, 0.2663856115330736, 0.2244152035954849, 0.6580727811941381, 0.6481848714870858, 0.5310170102931812, 0.5913816539767758, 0.41401841025443037, 0.6283090675167451, 0.3468377596228108, 0.4368737686655647, 1, 0.8018918978735674]","[2, 0.7681389064993795, 0.6404175438143797, 0.65760503044377, 0.5141737188301686, 0.32446760661111995, 0.32456705406489, 0.6485376591204374, 0.6877195126061262, 0.6869940691724518, 0.5859027707692488, 0.4687369654350793, 0.5393918124454603, 0.5548602933962088, 0.49574195007258703, 1, 0.8004385412554962]"
28,CDH-754,"[2, 0.5262066397281273, 0.4292475063919916, 0.5821384700573142, 0.5177684936265928, 0.41000264431201333, 0.7892054450438146, 0.7892054450438146, 0.5733858839708699]","[2, 0.48166684948273036, 0.42728173670275116, 0.5854283946337139, 0.5356973401591887, 0.4350491459897806, 0.7285392773758412, 0.7285392773758412, 0.5394595128274602]"
29,CDM-759,"[2, 0.8745785976068605, 0.627210594878306, 0.634832164201004, 0.6573034956067995, 0.6322534542201862, 0.2546725920258381, 0.6494603485439836, 0.6193484743693938, 0.803002946563213, 0.6713691810227536, 0.5728739219113178, 0.50231601413742, 0.5190730870397859]","[2, 0.8628857048123819, 0.515277956813455, 0.6327909507094179, 0.5528900764188033, 0.6057595738932623, 0.35334857185057456, 0.583056443442066, 0.5106638939679675, 0.7089916217190786, 0.7113813942634073, 0.46521132076820215, 0.42633099508038413, 0.47828651540320316]"
30,CDR-764,"[2, 0.6194652657586912, 0.684197059986576, 0.7894407873342654, 0.5896422033384003, 0.7857267513244909, 0.6889418679002601, 0.6648827410413357, 0.6477688673948793, 0.3721166280938021, 0.4820762783657614]","[2, 0.5927320795329063, 0.5484746094368288, 0.7641377187098998, 0.6405232790205811, 0.5291005212915195, 0.7259410895064535, 0.7048095738944647, 0.6292929985232465, 0.4882862213191037, 0.32240343961087325, 0.5044158503336457]"
31,CDU-767,"[2, 0.8745785976068605, 0.5540716263088391, 0.6053475538172952, 0.837817729427836, 0.5311654882313194, 0.6193484743693938, 0.5764856823120514, 0.51226347254114, 0.7921043140363004, 0.4426804797128875, 0.3117039612919111, 0.2875320196529524, 0.6262356736295609, 0.45115929285170125, 0.36865259065950545, 0.3468377596228108]","[2, 0.8628857048123819, 0.5216253513515098, 0.6343326028191837, 0.7681389064993795, 0.504580697024934, 0.5106638939679675, 0.595969746577837, 0.5504251202232017, 0.7643223081820135, 0.5521272622531292, 0.3112289266624532, 0.23464326250105996, 0.5194353193900216, 0.447248525844515, 0.4129894835403947, 0.8027531521938218, 0.5548602933962088]"
32,SFZ-149,"[2, 0.6194652657586912, 0.684197059986576, 0.6367920664832305, 0.1902459647300462, 0.29312347548568823, 0.47875502835637646, 0.5078957855439838, 0.837817729427836, 0.6037916797680433, 0.7153309574274721, 0.24777783574352621, 0.47192356189879064, 0.3026689971525811, 0.4741809053171421, 0.7367251350156103, 0.6082856765853834]","[2, 0.5927320795329063, 0.5484746094368288, 0.6977802673028313, 0.27737383918378933, 0.4001253701333791, 0.40767538191710084, 0.4779724878444303, 0.7681389064993795, 0.5061795013785925, 0.6391597414384069, 0.2708938889424826, 0.4453065748370701, 0.3918252332320209, 0.5631493314966278, 0.6377204663938915, 0.6441282969283134]"
33,SGO-159,"[2, 0.8745785976068605, 0.5258985334381975, 0.4915363495259498, 0.7196424740670708, 0.6367920664832305, 0.5454617304728827, 0.6691336028976155, 0.4741809053171421, 0.3468377596228108, 0.6283090675167451, 0.754841345129205, 0.7824022400078555, 0.5846794653500532, 0.39869145080378193, 0.4640120545599114, 0.6610760111935341, 0.5915704201388786, 0.44790193143568235, 0.7104222666293618, 0.7104222666293618, 0.45805435668500566, 0.7227680387508737, 0.5860321973914239, 0.7052732313673654, 0.5941897086986764, 0.5741013175616968, 0.5641084534286992, 0.5804536100580437, 0.6209298707629097, 0.5346838354169308]","[2, 0.8628857048123819, 0.543845522169537, 0.4639662557429275, 0.7615815702793896, 0.6977802673028313, 0.49167939524465887, 0.6301417547393656, 0.5631493314966278, 0.5548602933962088, 0.5393918124454603, 0.7037926874131196, 0.7452217842438656, 0.5155563950038549, 0.21490942650415304, 0.3016851638013059, 0.5345275310876957, 0.6324028067622413, 0.5685938070485562, 0.6790797775441532, 0.6790797775441532, 0.5110159596988464, 0.7144051594165326, 0.5737210558748865, 0.6854725231827823, 0.4150882252448793, 0.620874044232979, 0.5722194589526469, 0.529893800100613, 0.6506691533173525, 0.4964353773579249]"
34,SIU-211,"[2, 0.6911096930736368, 0.8069865631440539, 0.7187798973849114, 0.837817729427836, 0.7235815449499676, 0.6469832735526762, 0.6966627736513162, 1, 0.6747043726447318, 0.46600302122502246, 0.5206578854392112, 0.8581110888831713, 0.773079866670199, 0.43983658799533787, 0.5540716263088391, 0.5217000655020747, 0.5838886938193597, 0.4537381822321555, 0.586847523024119, 0.4617205997715693]","[2, 0.5197563933795597, 0.6989081019589143, 0.7056069477871592, 0.7681389064993795, 0.7005668500595652, 0.6425335909074515, 0.5150362504160364, 1, 0.49016262103367453, 0.3529707135435563, 0.4255309220254039, 0.7828666784187033, 0.7492864749802051, 0.4498334663303934, 0.5216253513515098, 0.34110122157097506, 0.42662155637608057, 0.44529208100003626, 0.6838776886537975, 0.45920588464455375]"
35,SIZ-390,"[2, 0.8745785976068605, 0.6798916772706576, 0.6080758840403627, 0.48810290706239085, 0.804666180505832, 0.837817729427836, 0.837817729427836, 0.6005211133387937, 0.460387618626937, 0.504815971682073, 0.6469832735526762]","[2, 0.8628857048123819, 0.6506390986817484, 0.5627445344213554, 0.5538478528349018, 0.713189307167762, 0.7681389064993795, 0.7681389064993795, 0.5510461635914913, 0.5086411813635952, 0.4534569784503354, 0.6425335909074515]"
36,SKE-234,"[2, 0.4019849741535031, 0.4747476233927709, 0.23400813521532593, 0.4998827100630846, 0.28984735872212114, 0.31171923284385444, 0.623420550391799, 0.5310170102931812, 0.5769980921643167, 0.7873204690065452, 0.7487449379417429, 0.8581110888831713, 0.5526269901492397, 0.6561670730667024, 0.707290264534238, 0.8745785976068605, 0.728942522630007, 0.5860321973914239, 0.7227680387508737, 0.69859507910017, 0.5641084534286992, 0.7685242654904514, 0.6668957256320583]","[2, 0.6404175438143797, 0.6426667838704623, 0.575975015896018, 0.33299419958534787, 0.5678815124945601, 0.3528479553155499, 0.5074423617949378, 0.6202208637814878, 0.6869940691724518, 0.49524966448782165, 0.6822708632783167, 0.5992474930318765, 0.7828666784187033, 0.5577521792646974, 0.6573719540990681, 0.5750295452677352, 0.8628857048123819, 0.6833907215446247, 0.5737210558748865, 0.7144051594165326, 0.6174006090793364, 0.5722194589526469, 0.7134504137137364, 0.5628869584290618]"
37,SMK-401,"[2, 0.8745785976068605, 0.6905588773949025, 0.32453129558447347, 0.4601379096348508, 0.7695593013208484, 0.622582525611953, 0.6481893296378759, 0.45481390166879765, 0.5666466109792848, 0.6790338006605096, 0.515703827696132, 0.7894407873342654, 0.7028733196986348, 0.837817729427836, 0.7334882084465412, 0.4973636176088395, 0.7700362582296564, 0.6727713214062594, 1, 0.6089293468421716]","[2, 0.8628857048123819, 0.7201203318358919, 0.5131811423039752, 0.5621760617893715, 0.7049731268537881, 0.6531250994888783, 0.5769245278346161, 0.4310015346587696, 0.4845253210181761, 0.6893450778236657, 0.539291262989329, 0.7641377187098998, 0.5998169732396197, 0.7681389064993795, 0.7044682582263694, 0.5536741617586778, 0.7925182799560724, 0.5091174652411037, 1, 0.559647064345644]"
38,SNI-300,"[2, 0.623420550391799, 0.6573931607919039, 0.7921043140363004, 0.5187092642076765, 0.4617205997715693, 0.5647789186488339, 0.715493711605571, 0.7709793057872116, 0.6617437919804386, 0.6212513164422667, 0.8745785976068605, 0.699988603640099, 0.4139299250465527]","[2, 0.6202208637814878, 0.6856627581835968, 0.7643223081820135, 0.4324005408572464, 0.45920588464455375, 0.583117562826548, 0.7268456623288725, 0.5189748233865733, 0.6295601271632969, 0.7064506661409863, 0.6422213177797585, 0.8628857048123819, 0.6631563533332047, 0.3054306233646616]"
39,SNR-308,"[2, 0.8253267571064894, 0.7602705018652873, 0.5933624648775451, 0.5870827064156441, 0.7754371823126677, 0.6723626545093575, 0.6606232802329245, 0.7864354528697147, 0.5262066397281273, 0.36737349719350054, 0.3803838396806424, 0.4998827100630846, 0.3098547065462105]","[2, 0.7202588827909802, 0.6963213212121123, 0.5698588263653027, 0.5552854858899334, 0.7503977763568866, 0.6544465470015609, 0.6139131922080975, 0.7110265022778469, 0.48166684948273036, 0.2937855429136069, 0.46317621926490904, 0.5678815124945601, 0.28791571210708644]"
40,SNT-310,"[2, 0.4617205997715693, 0.5436108679182131, 0.7042286453918051, 0.8745785976068605, 0.7113119291740693, 0.7259693088449981, 0.7435536170037773, 0.6984894678873143, 0.7227680387508737, 0.531800422254673, 0.7630159056210074, 0.7294977902170622, 0.8098390936158572, 0.5316133876208633, 0.4958711032494341, 0.837817729427836, 0.8253267571064894, 0.5167032581255799, 0.47748636251026033, 0.7128431779025397]","[2, 0.45920588464455375, 0.680687320970493, 0.45223621644877754, 0.5518258629496458, 0.8628857048123819, 0.6751700864891439, 0.6785120622768549, 0.6620658430091256, 0.7754488486757536, 0.7144051594165326, 0.41242990280188435, 0.6849012338404298, 0.6773266063184431, 0.7593925088645168, 0.4371968748993955, 0.46965686552140634, 0.7681389064993795, 0.7202588827909802, 0.5443177996470048, 0.6878796164793214, 0.74689049001478, 0.7080052205278514]"
41,SNV-312,"[2, 0.8745785976068605, 0.5540716263088391, 0.6209298707629097, 0.5975955453165044, 0.6324777554204873, 0.7461053728829113, 0.837817729427836, 0.599726997303928, 0.6194652657586912, 0.6691336028976155, 0.7356774886649605, 0.6114786775717365, 0.49898497209730375, 0.5262066397281273, 0.6719422154833343]","[2, 0.8628857048123819, 0.5216253513515098, 0.6506691533173525, 0.5970055742298973, 0.7206462221263863, 0.665950853762572, 0.7681389064993795, 0.5537758062544371, 0.5927320795329063, 0.6301417547393656, 0.6452327938295611, 0.5273859445967225, 0.4575838521158963, 0.48166684948273036, 0.6466949327018565]"
42,SNY-315,"[2, 0.7166918074022757, 0.7824022400078555, 0.6148944699390643, 0.8745785976068605, 0.7525729471567498, 0.6971485275693752, 0.837817729427836, 0.7104222666293618, 0.6046879862352512, 0.4733746178464677, 0.4303304871960361, 0.17741993795591957, 0.23835297504617664, 0.677175153132043, 0.7433118891653092, 0.773668018005576, 0.7227680387508737]","[2, 0.6161570362477106, 0.7452217842438656, 0.5547125493937586, 0.8628857048123819, 0.7131738898244474, 0.5171698692151907, 0.6451083573910311, 0.7681389064993795, 0.6790797775441532, 0.5527196645315969, 0.5916771436770546, 0.5008612768992214, 0.3059470878063499, 0.3197823292196129, 0.5950757282223759, 0.6439075247344901, 0.7265640563586405, 0.7144051594165326]"
43,SOA-317,"[2, 0.837817729427836, 0.7235815449499676, 0.7333106287217797, 0.6132865214960067]","[2, 0.7681389064993795, 0.6451083573910311, 0.5164223599390718, 0.7102100083889006, 0.47583543668099976]"
44,SOE-320,"[2, 0.717840119295171, 0.773668018005576, 0.7227680387508737, 0.47912871121387823, 0.8745785976068605, 0.7312998150701534, 0.7334882084465412, 0.6239139354578734, 0.3388338928883435]","[2, 0.6584911399887821, 0.7265640563586405, 0.7144051594165326, 0.34363276115846836, 0.8628857048123819, 0.6962219676262801, 0.680687320970493, 0.6404175438143797, 0.5982440523188578, 0.29729155231782217]"
45,SOQ-329,"[2, 0.586847523024119, 0.7334882084465412, 0.837817729427836, 0.7602705018652873, 0.8745785976068605, 0.5811393626954855, 0.4956452330773644, 0.6283090675167451, 0.4481606378369533, 0.5310170102931812, 0.5106473386485636, 0.28984735872212114, 0.17741993795591957, 0.39972176763256084, 0.5521056500940515, 0.35540889914805973, 0.505783757393295]","[2, 0.6838776886537975, 0.7044682582263694, 0.7681389064993795, 0.6963213212121123, 0.8628857048123819, 0.6330656576107481, 0.5442530724438481, 0.5393918124454603, 0.4664109166704875, 0.6869940691724518, 0.3642265307462176, 0.3528479553155499, 0.3059470878063499, 0.3793199670413254, 0.5681538963554418, 0.2953920195813964, 0.4455517052290546]"
46,SOX-335,"[2, 0.837817729427836, 0.7334882084465412, 0.6551052162793694, 0.5000639474678137, 0.23400813521532593, 0.4391794273310262, 0.7921043140363004]","[2, 0.7681389064993795, 0.7044682582263694, 0.6601686677990547, 0.47327027954708234, 0.33299419958534787, 0.49849024676461295, 0.7643223081820135]"
47,SPA-338,"[2, 0.41777216107872306, 0.38601421364725563, 0.837817729427836, 0.6260352174281147, 0.5310170102931812, 0.7093772702257071, 0.4322417227862131, 0.32894145147879184, 0.7461053728829113, 0.6885341129208671, 0.5320819105937258]","[2, 0.3462540087658026, 0.3451328928241814, 0.7681389064993795, 0.5888290923979772, 0.6869940691724518, 0.7789630041906284, 0.5953484657734173, 0.6579829213355146, 0.4620890734239284, 0.665950853762572, 0.7408621547818116, 0.46113980710343133]"
48,SPC-340,"[2, 0.8745785976068605, 0.6114730702291131, 0.5641084534286992, 0.7051661525577775, 0.56205498530534, 0.43533067739150116, 0.7227680387508737, 0.45805435668500566, 0.44966890897561085, 0.4212027951441465, 0.582728031687178, 0.5106473386485636, 0.6551052162793694, 0.6194652657586912, 0.5097531308067912, 0.7367251350156103]","[2, 0.8628857048123819, 0.610903839347431, 0.5722194589526469, 0.750622813796316, 0.5265119268327751, 0.27055173240558367, 0.7144051594165326, 0.49923534765763106, 0.701628627770037, 0.404889708049895, 0.4614476743595925, 0.7030155998622596, 0.3642265307462176, 0.6601686677990547, 0.5927320795329063, 0.5572382803967346, 0.6377204663938915]"
49,SPH-344,"[2, 0.684197059986576, 0.677669803388224, 0.8745785976068605, 0.5811393626954855, 0.5436962336104044, 0.837817729427836, 0.7064282852624828]","[2, 0.680687320970493, 0.5383923376437906, 0.565315271370276, 0.8628857048123819, 0.6330656576107481, 0.5653334368629681, 0.7681389064993795, 0.5380742621424421]"
50,SPL-436,"[2, 0.6012423605886705, 0.8046120560217583, 0.6943829767248006, 0.39291852614658607, 0.6441252233450677, 0.837817729427836, 0.41216494102879014, 0.4212027951441465, 0.582728031687178, 0.28984735872212114, 0.4803810862826, 0.259301025825271, 0.609865940995042, 1, 0.5934731530085579]","[2, 0.5821416764234293, 0.7355752224023244, 0.6809996966148849, 0.3956068361256396, 0.6105810141987551, 0.7681389064993795, 0.3098987969102535, 0.4614476743595925, 0.7030155998622596, 0.3528479553155499, 0.4017964144584269, 0.33939375845804753, 0.6156548840358687, 1, 0.4908347064003056]"
51,SPV-450,"[2, 0.8745785976068605, 0.7113119291740693, 0.56205498530534, 0.5587707702302487, 0.5647789186488339, 0.6995598877694744, 0.7356774886649605, 0.5262398237714749, 0.5775517526852663, 0.7558820350140881, 0.837817729427836, 0.8112618311417422, 0.7873204690065452, 0.4455963804066422, 0.5641084534286992, 0.7415335124287257]","[2, 0.8628857048123819, 0.6751700864891439, 0.5265119268327751, 0.5691148417364407, 0.583117562826548, 0.689722327187366, 0.6452327938295611, 0.5824562950298219, 0.526252234636831, 0.8300342218066021, 0.7681389064993795, 0.6838323983160726, 0.6822708632783167, 0.3789061779170084, 0.5722194589526469, 0.7257030883609292]"
52,SPX-452,"[2, 0.8745785976068605, 0.5362384215406943, 0.5310170102931812, 0.670682730390711, 0.6885341129208671, 0.564482829740944, 0.39972176763256084, 0.48875201722556516, 0.7873204690065452, 0.4878886930469656, 0.6635668605312557, 0.5768571496728838, 0.5408263936097002, 0.6555257069153385, 0.7356774886649605, 0.7857267513244909, 0.6889418679002601, 0.7104222666293618]","[2, 0.8628857048123819, 0.5877268255846844, 0.6869940691724518, 0.7354736006545668, 0.7408621547818116, 0.6178720109931024, 0.3793199670413254, 0.43120299719959715, 0.6822708632783167, 0.3820273082140924, 0.6460271050342932, 0.5456590176518622, 0.7423816994842526, 0.6402599256023763, 0.6452327938295611, 0.7259410895064535, 0.7048095738944647, 0.6790797775441532]"
53,SRF-483,"[2, 0.4958711032494341, 0.4958711032494341, 0.6809057161982097, 0.8745785976068605, 0.7184137816756219, 0.6966627736513162, 0.61649141127193, 0.5800063196774486, 0.5860321973914239, 0.3882504803825953, 0.5809864116123518, 0.6840930037925362]","[2, 0.46965686552140634, 0.46965686552140634, 0.6376705357921859, 0.8628857048123819, 0.5676608749566059, 0.5150362504160364, 0.6585845940835139, 0.7272314315608637, 0.6125041505000156, 0.5737210558748865, 0.31050748361906044, 0.5023065082351295, 0.6365313697573772]"
54,SRR-498,"[2, 0.8745785976068605, 0.47912871121387823, 0.35672218298098846, 0.3885345647586167, 0.6283090675167451, 0.4795393191037341, 0.3828891155664599, 0.5806138795944443, 0.5320589397105987, 0.585177345473308, 0.6659030571317933, 0.6199342325627274, 0.39972176763256084, 0.5303773257847434, 0.7097484931917211, 0.7469160300555865]","[2, 0.8628857048123819, 0.34363276115846836, 0.2491397943876767, 0.4327171683987377, 0.5393918124454603, 0.38357568719940743, 0.33667780027913946, 0.5974254787396763, 0.5450217210011101, 0.5210273924610191, 0.5652194146499414, 0.5008266109569695, 0.3793199670413254, 0.5380018543142598, 0.524664326302822, 0.6644040020223635]"
55,SSG-520,"[2, 0.837817729427836, 0.7235815449499676, 0.41401841025443037, 0.7042451959367446, 0.7093772702257071, 0.5989701382275696, 0.6978677871720006, 0.8745785976068605, 0.7206932879969659, 0.6126758427052204, 1, 0.6201349242814236]","[2, 0.7681389064993795, 0.7005668500595652, 0.4687369654350793, 0.7262201316996267, 0.7789630041906284, 0.5380518810411199, 0.6338457951948675, 0.8628857048123819, 0.695214559293947, 0.6577824345826483, 1, 0.5917533293764086]"
56,SSZ-539,"[2, 0.6984894678873143, 0.7227680387508737, 0.47912871121387823, 0.5811393626954855, 0.5540716263088391, 0.7398977733098252, 0.569734326982204, 0.569734326982204, 0.32453129558447347, 0.5310170102931812, 0.40883696864469815]","[2, 0.7754488486757536, 0.7144051594165326, 0.34363276115846836, 0.6330656576107481, 0.5216253513515098, 0.6876917554091693, 0.6933156817395749, 0.6933156817395749, 0.5131811423039752, 0.6869940691724518, 0.5214126120672994]"
57,SUG-544,"[2, 0.8745785976068605, 0.728942522630007, 0.6984894678873143, 0.69859507910017, 0.3714900465044787, 0.6194652657586912, 0.4956452330773644, 0.4601379096348508, 1, 0.5310170102931812, 0.5561222575511516, 0.5982552344418149]","[2, 0.8628857048123819, 0.6833907215446247, 0.7754488486757536, 0.6174006090793364, 0.3215951328308907, 0.5927320795329063, 0.5442530724438481, 0.5621760617893715, 1, 0.6360747079687077, 0.6360733661169053, 0.6072292752796078, 0.48603383530059224]"
58,SUT-556,"[2, 0.4463219103508691, 0.5855401921413975, 0.7398977733098252, 0.8745785976068605, 0.7511121321644622, 0.4037326432411301, 0.4292475063919916, 0.4394768827388815, 0.5860321973914239, 0.6984894678873143, 0.5728739219113178]","[2, 0.35221627986418597, 0.4344924881587573, 0.5164223599390718, 0.6876917554091693, 0.8628857048123819, 0.5371468257898924, 0.41969784189237336, 0.42728173670275116, 0.4212452375520233, 0.5737210558748865, 0.7754488486757536, 0.46521132076820215]"
59,SUV-558,"[2, 0.7104222666293618, 0.6877394576476819, 0.6691336028976155, 0.6705515458189052, 0.4747476233927709, 0.4865436354684981, 0.6060872173720696, 0.5867148606863862, 0.466745803490065, 0.4394768827388815, 0.7227680387508737, 0.8223375017468243, 0.5538485136715439]","[2, 0.6404175438143797, 0.701628627770037, 0.6205289856589514, 0.680687320970493, 0.7106100654252625, 0.7371139740631305, 0.575975015896018, 0.5172979231682889, 0.5379700458586095, 0.6871059973684756, 0.5101146170373224, 0.5925089826276189, 0.537519691400082, 0.7144051594165326, 0.7422741568618486, 0.5013223540428927]"
60,SVA-563,"[2, 0.6413693088451918, 1, 0.3727602546327795, 0.8745785976068605, 0.5811393626954855, 0.5262398237714749, 0.7356774886649605, 0.5665404478676399, 0.19275218657641555, 0.6101529201880017, 0.5165673537433336, 0.7596419345125228, 0.7942542894442011]","[2, 0.49016590299080026, 1, 0.608331437574543, 0.8628857048123819, 0.6330656576107481, 0.5824562950298219, 0.6452327938295611, 0.43417955540990266, 0.10342225186385923, 0.5872770710125048, 0.5470936244740444, 0.760041147507896, 0.7680616547781371]"
61,SVH-570,"[2, 0.8745785976068605, 0.7525729471567498, 0.6339951406040636, 0.4552696805753081, 0.4232188804960283, 0.32837379776316206, 0.512198888839565, 0.3945369339980083, 0.6005211133387937]","[2, 0.8628857048123819, 0.7131738898244474, 0.5752985635234372, 0.44212250632372446, 0.4983591350280177, 0.7249245423516938, 0.37061362969810235, 0.38051027368822143, 0.5247463587267565, 0.5510461635914913]"
62,SVY-587,"[2, 0.374652864368471, 0.47850368224983986, 0.6741070962166074, 0.8745785976068605, 0.7511121321644622, 0.6992044506595388, 0.7599258615527238, 0.6540301638520143, 0.5975955453165044, 0.53921663719654, 0.7414791257416772, 0.7453632605725188, 0.700498355515802]","[2, 0.6451083573910311, 0.6338071228797418, 0.41315378172586814, 0.6629557981843098, 0.8628857048123819, 0.5371468257898924, 0.5944236945522449, 0.5416659298840792, 0.4576129237761807, 0.5970055742298973, 0.5461201852965152, 0.6870216384189023, 0.6831759390266142, 0.7078658594411037]"
63,SZA-781,"[2, 0.8745785976068605, 0.7101723921527486, 0.6984894678873143, 0.69859507910017, 0.5641084534286992, 0.7429073573596446, 0.7356774886649605, 0.8069865631440539, 0.6696005113622724, 0.6920851631648871, 0.7429120488555329, 0.7106719787578607, 0.747259477364279, 0.7547038907915292, 0.6206862678131546]","[2, 0.8628857048123819, 0.7181036874972738, 0.7754488486757536, 0.6174006090793364, 0.5722194589526469, 0.7318866815872527, 0.6452327938295611, 0.6989081019589143, 0.5064153313097655, 0.5320188556716366, 0.761027664195726, 0.74129114353383, 0.7067247526937641, 0.7076147205496789, 0.5351725999745169]"
